"Message",Low,"Starting .NET Native compilation"
"Message",Low,""
"Message",Low,""
"Message",Low,"Task ""Gatekeeper"""
"Message",Normal,"Launching 'C:\Users\Joey\.nuget\packages\microsoft.net.native.compiler\1.7.0\tools\x64\ilc\Tools\Gatekeeper.exe @""C:\Users\Joey\Documents\GitHub\MagicApplication\MagicApp\obj\x64\Debug\ilc\intermediate\gkargs.rsp""'"
"Message",Low,"Microsoft (R) .NET Native Gatekeeper Version 1.7.25531.01 "
"Message",Low,"Copyright (C) Microsoft Corporation.  All rights reserved. "
"Message",Low," "
"Message",Low,"Checking assembly 'C:\Users\Joey\Documents\GitHub\MagicApplication\MagicApp\obj\x64\Debug\ilc\in\App1.exe'. "
"Message",Low,"Checking assembly 'C:\Users\Joey\Documents\GitHub\MagicApplication\MagicApp\obj\x64\Debug\ilc\in\HtmlAgilityPack.dll'. "
"Message",Low,"Checking assembly 'C:\Users\Joey\Documents\GitHub\MagicApplication\MagicApp\obj\x64\Debug\ilc\in\Newtonsoft.Json.dll'. "
"Message",Normal,"'C:\Users\Joey\.nuget\packages\microsoft.net.native.compiler\1.7.0\tools\x64\ilc\Tools\Gatekeeper.exe @""C:\Users\Joey\Documents\GitHub\MagicApplication\MagicApp\obj\x64\Debug\ilc\intermediate\gkargs.rsp""' completed."
"Message",Normal,"Process execution statistics (all times in milliseconds)"
"Message",Normal,"-----------------------------------------------------------------------------"
"Message",Normal,"launch  |  start   |   stop   |   end    | duration | lifetime | [slot] name"
"Message",Normal,"-----------------------------------------------------------------------------"
"Message",Normal,"       0 |       15 |      578 |      578 |      563 |      578 | [0] Gatekeeper"
"Message",Normal,"Number of commands:      1"
"Message",Normal,"Total system time:       578 ms"
"Message",Normal,"System time per command: 578 ms"
"Message",Normal,"Total duration:          563 ms"
"Message",Normal,"Total lifetime:          578 ms"
"Message",Normal,"Requested DOP:           4"
"Message",Normal,"Duration DOP:            1.0"
"Message",Normal,"Lifetime DOP:            1.0"
"Message",Low,"Done executing task ""Gatekeeper""."
"Message",Low,"Done building target ""RunGatekeeper"" in file ""Preparation""."
"Message",Low,""
"Message",Low,"Task ""InjectWindowsRuntimeTypeForwards"""
"Message",Normal,"Running 'InjectWindowsRuntimeTypeForwards' transform, heap at 13 MB."
"Message",Normal,"Running 'WriteAssemblies' transform, heap at 17 MB."
"Message",Normal,""
"Message",Normal,"Transform summary"
"Message",Normal,"    ms | heap delta | name"
"Message",Normal,"   113 |          2 | WriteAssemblies"
"Message",Normal,"   109 |          4 | InjectWindowsRuntimeTypeForwards"
"Message",Low,"Done executing task ""InjectWindowsRuntimeTypeForwards""."
"Message",Low,"Done building target ""InjectWindowRuntimeTypeForwards"" in file ""Preparation""."
"Message",Low,""
"Message",Low,"Task ""PreResolveAssemblyClosure"""
"Message",Low,"Done executing task ""PreResolveAssemblyClosure""."
"Message",Low,"Task ""PreResolveTransforms"""
"Message",Normal,"Running 'ResolveSelfReferences' transform, heap at 28 MB."
"Message",Normal,"Running 'RemoveDuplicateMembers' transform, heap at 34 MB."
"Message",Normal,"Running 'PortableLib' transform, heap at 34 MB."
"Message",Normal,"Running 'WriteAssemblies' transform, heap at 76 MB."
"Message",Normal,""
"Message",Normal,"Transform summary"
"Message",Normal,"    ms | heap delta | name"
"Message",Normal,"   428 |          6 | ResolveSelfReferences"
"Message",Normal,"   384 |         12 | WriteAssemblies"
"Message",Normal,"   324 |         42 | PortableLib"
"Message",Normal,"    16 |          0 | RemoveDuplicateMembers"
"Message",Low,"Done executing task ""PreResolveTransforms""."
"Message",Low,"Done building target ""PreResolveTransforms"" in file ""Preparation""."
"Message",Low,""
"Message",Low,"Task ""InitialAssemblyClosure"""
"Message",Low,"Done executing task ""InitialAssemblyClosure""."
"Message",Low,"Task ""ResolveInitialReferencesAssemblyClosure1"""
"Message",Low,"Done executing task ""ResolveInitialReferencesAssemblyClosure1""."
"Message",Low,"Task ""ResolveInitialReferencesAssemblyClosure2"""
"Message",Low,"Done executing task ""ResolveInitialReferencesAssemblyClosure2""."
"Message",Low,"Done building target ""ResolveInitialReferences"" in file ""Preparation""."
"Message",Low,"Done building project ""Preparation""."
"Message",Low,""
"Message",Low,""
"Message",High,"Processing application code"
"Message",Low,"Task ""ValidateSimpleNames"""
"Message",Low,"Done executing task ""ValidateSimpleNames""."
"Message",Low,"Task ""McgContractsResolveFilePath"""
"Message",Low,"Done executing task ""McgContractsResolveFilePath""."
"Message",Low,"Task ""McgFacadeResolveFilePath"""
"Message",Low,"Done executing task ""McgFacadeResolveFilePath""."
"Message",Low,"Task ""FinalAssemblyClosureRootsResolveFilePaths"""
"Message",Low,"Done executing task ""FinalAssemblyClosureRootsResolveFilePaths""."
"Message",Low,"Task ""FinalAssemblyClosure"""
"Message",Low,"Done executing task ""FinalAssemblyClosure""."
"Message",Low,"Task ""RunILTransforms"""
"Message",Normal,"Running 'Analysis' transform, heap at 115 MB."
"Message",Low,"Loading 90 modules..."
"Message",Normal,"Imported reflection directives from 15 files:"
"Message",Normal,"C:\Users\Joey\Documents\GitHub\MagicApplication\MagicApp\obj\x64\Debug\ilc\in\Properties\Default.rd.xml"
"Message",Normal,"Embedded manifest in System.Diagnostics.Tracing: Resources.System.Diagnostics.Tracing.rd.xml"
"Message",Normal,"Embedded manifest in System.Private.Reflection: System.Private.Reflection.rd.xml"
"Message",Normal,"Embedded manifest in System.Private.CoreLib: Resources.System.Private.CoreLib.rd.xml"
"Message",Normal,"Embedded manifest in System.Private.Uri: Resources.System.Private.Uri.rd.xml"
"Message",Normal,"Embedded manifest in System.Private.Reflection.Core: System.Private.Reflection.Core.rd.xml"
"Message",Normal,"Embedded manifest in System.Xml.XDocument: System.Xml.Resources.System.Xml.XDocument.rd.xml"
"Message",Normal,"Embedded manifest in System.Runtime.Serialization.Primitives: System.Runtime.Serialization.Primitives.Resources.System.Runtime.Serialization.Primitives.rd.xml"
"Message",Normal,"Embedded manifest in System.Dynamic.Runtime: Resources.System.Dynamic.Runtime.rd.xml"
"Message",Normal,"Embedded manifest in System.Linq.Expressions: Resources.System.Linq.Expressions.rd.xml"
"Message",Normal,"Embedded manifest in Microsoft.CSharp: Microsoft.CSharp.Resources.Microsoft.CSharp.rd.xml"
"Message",Normal,"Embedded manifest in System.Private.PortableThunks: Resources.System.Private.PortableThunks.rd.xml"
"Message",Normal,"Embedded manifest in System.Xml.ReaderWriter: System.Xml.Resources.System.Xml.ReaderWriter.rd.xml"
"Message",Normal,"Embedded manifest in System.Private.Interop: Resources.System.Private.Interop.rd.xml"
"Message",Normal,"Newtonsoft.Json"
"Message",Normal,"Imported XAML Roots from 1 files:"
"Message",Normal,"C:\Users\Joey\Documents\GitHub\MagicApplication\MagicApp\obj\x64\Debug\ilc\in\App1.xr.xml"
"Message",Normal,"Running 'Mcg' transform, heap at 191 MB."
"Message",High,"Computing application closure and generating interop code"
"Message",Normal,"  List of .lib files:"
"Message",Normal,"      WindowsApp.lib"
"Message",Normal,"  List of .lib search paths:"
"Message",Normal,"      C:\Program Files (x86)\Windows Kits\10\lib\10.0.15063.0\um\x64"
"Message",Normal,"  Loading exports from libs..."
"Message",Normal,"      2892 exports read from 'C:\Program Files (x86)\Windows Kits\10\lib\10.0.15063.0\um\x64\WindowsApp.lib'."
"Message",High,"  Loading 90 modules..."
"Message",Normal,"          P/Invoke 'RhWaitForPendingFinalizers' with [DllImport(ExactSpelling=true)] resolved to '[MRT]!RhWaitForPendingFinalizers'."
"Message",Normal,"          P/Invoke 'RhYield' with [DllImport(ExactSpelling=true)] resolved to '[MRT]!RhYield'."
"Message",Normal,"          P/Invoke 'RhCompatibleReentrantWaitAny' with [DllImport(ExactSpelling=true)] resolved to '[MRT]!RhCompatibleReentrantWaitAny'."
"Message",Normal,"          P/Invoke '_ecvt_s' with [DllImport(ExactSpelling=true)] resolved to '[MRT]!_ecvt_s'."
"Message",Normal,"          P/Invoke 'memmove' with [DllImport(ExactSpelling=true)] resolved to '[MRT]!memmove'."
"Message",Normal,"          P/Invoke 'CallingConventionConverter_GetStubs' with [DllImport(ExactSpelling=true)] resolved to '*!CallingConventionConverter_GetStubs'."
"Message",Normal,"          P/Invoke 'GetLastError' resolved to 'api-ms-win-core-errorhandling-l1-1-1.dll!GetLastError' from 'C:\Program Files (x86)\Windows Kits\10\lib\10.0.15063.0\um\x64\WindowsApp.lib'."
"Message",Normal,"          P/Invoke 'RoInitialize' resolved to 'api-ms-win-core-winrt-l1-1-0.dll!RoInitialize' from 'C:\Program Files (x86)\Windows Kits\10\lib\10.0.15063.0\um\x64\WindowsApp.lib'."
"Message",Normal,"          P/Invoke 'IsValidLocaleName' resolved to 'api-ms-win-core-localization-l1-2-1.dll!IsValidLocaleName' from 'C:\Program Files (x86)\Windows Kits\10\lib\10.0.15063.0\um\x64\WindowsApp.lib'."
"Message",Normal,"          P/Invoke 'ResolveLocaleName' resolved to 'api-ms-win-core-localization-l1-2-1.dll!ResolveLocaleName' from 'C:\Program Files (x86)\Windows Kits\10\lib\10.0.15063.0\um\x64\WindowsApp.lib'."
"Message",Normal,"          P/Invoke 'GetCPInfoExW' resolved to 'api-ms-win-core-localization-l1-2-1.dll!GetCPInfoExW' from 'C:\Program Files (x86)\Windows Kits\10\lib\10.0.15063.0\um\x64\WindowsApp.lib'."
"Message",Normal,"          P/Invoke 'CoCreateInstance' with [DllImport(ExactSpelling=true)] resolved to 'api-ms-win-core-com-l1-1-0.dll!CoCreateInstance'."
"Message",Normal,"          P/Invoke '#6' resolved to 'oleaut32.dll!#6' from 'C:\Program Files (x86)\Windows Kits\10\lib\10.0.15063.0\um\x64\WindowsApp.lib'."
"Message",Normal,"          P/Invoke 'CopyFile2' resolved to 'api-ms-win-core-file-l2-1-1.dll!CopyFile2' from 'C:\Program Files (x86)\Windows Kits\10\lib\10.0.15063.0\um\x64\WindowsApp.lib'."
"Message",Normal,"          P/Invoke 'CreateFile2' resolved to 'api-ms-win-core-file-l1-2-1.dll!CreateFile2' from 'C:\Program Files (x86)\Windows Kits\10\lib\10.0.15063.0\um\x64\WindowsApp.lib'."
"Message",Normal,"          P/Invoke 'CreateDirectoryW' resolved to 'api-ms-win-core-file-l1-2-1.dll!CreateDirectoryW' from 'C:\Program Files (x86)\Windows Kits\10\lib\10.0.15063.0\um\x64\WindowsApp.lib'."
"Message",Normal,"          P/Invoke 'GetFileType' resolved to 'api-ms-win-core-file-l1-2-1.dll!GetFileType' from 'C:\Program Files (x86)\Windows Kits\10\lib\10.0.15063.0\um\x64\WindowsApp.lib'."
"Message",Normal,"          P/Invoke 'RtlIpv6AddressToStringExW' resolved to 'ntdll.dll!RtlIpv6AddressToStringExW' from 'C:\Program Files (x86)\Windows Kits\10\lib\10.0.15063.0\um\x64\WindowsApp.lib'."
"Message",Normal,"          P/Invoke 'RtlIpv4AddressToStringExW' resolved to 'ntdll.dll!RtlIpv4AddressToStringExW' from 'C:\Program Files (x86)\Windows Kits\10\lib\10.0.15063.0\um\x64\WindowsApp.lib'."
"Message",Normal,"          P/Invoke 'GetFileInformationByHandleEx' resolved to 'api-ms-win-core-file-l2-1-1.dll!GetFileInformationByHandleEx' from 'C:\Program Files (x86)\Windows Kits\10\lib\10.0.15063.0\um\x64\WindowsApp.lib'."
"Message",Normal,"          P/Invoke 'FindFirstFileExW' resolved to 'api-ms-win-core-file-l1-2-1.dll!FindFirstFileExW' from 'C:\Program Files (x86)\Windows Kits\10\lib\10.0.15063.0\um\x64\WindowsApp.lib'."
"Message",Normal,"          P/Invoke 'GetFileAttributesExW' resolved to 'api-ms-win-core-file-l1-2-1.dll!GetFileAttributesExW' from 'C:\Program Files (x86)\Windows Kits\10\lib\10.0.15063.0\um\x64\WindowsApp.lib'."
"Message",Normal,"          P/Invoke 'CreateThreadpoolIo' resolved to 'api-ms-win-core-threadpool-l1-2-0.dll!CreateThreadpoolIo' from 'C:\Program Files (x86)\Windows Kits\10\lib\10.0.15063.0\um\x64\WindowsApp.lib'."
"Message",Normal,"          P/Invoke 'SetFilePointerEx' resolved to 'api-ms-win-core-file-l1-2-1.dll!SetFilePointerEx' from 'C:\Program Files (x86)\Windows Kits\10\lib\10.0.15063.0\um\x64\WindowsApp.lib'."
"Message",Normal,"          P/Invoke 'SetFileAttributesW' resolved to 'api-ms-win-core-file-l1-2-1.dll!SetFileAttributesW' from 'C:\Program Files (x86)\Windows Kits\10\lib\10.0.15063.0\um\x64\WindowsApp.lib'."
"Message",Normal,"          P/Invoke 'SetFileInformationByHandle' resolved to 'api-ms-win-core-file-l1-2-1.dll!SetFileInformationByHandle' from 'C:\Program Files (x86)\Windows Kits\10\lib\10.0.15063.0\um\x64\WindowsApp.lib'."
"Message",Normal,"          P/Invoke 'CloseHandle' resolved to 'api-ms-win-core-handle-l1-1-0.dll!CloseHandle' from 'C:\Program Files (x86)\Windows Kits\10\lib\10.0.15063.0\um\x64\WindowsApp.lib'."
"Message",Normal,"          P/Invoke 'SetEndOfFile' resolved to 'api-ms-win-core-file-l1-2-1.dll!SetEndOfFile' from 'C:\Program Files (x86)\Windows Kits\10\lib\10.0.15063.0\um\x64\WindowsApp.lib'."
"Message",Normal,"          P/Invoke 'FindClose' resolved to 'api-ms-win-core-file-l1-2-1.dll!FindClose' from 'C:\Program Files (x86)\Windows Kits\10\lib\10.0.15063.0\um\x64\WindowsApp.lib'."
"Message",Normal,"          P/Invoke 'CloseThreadpoolIo' resolved to 'api-ms-win-core-threadpool-l1-2-0.dll!CloseThreadpoolIo' from 'C:\Program Files (x86)\Windows Kits\10\lib\10.0.15063.0\um\x64\WindowsApp.lib'."
"Message",Normal,"          P/Invoke 'ReadFile' resolved to 'api-ms-win-core-file-l1-2-1.dll!ReadFile' from 'C:\Program Files (x86)\Windows Kits\10\lib\10.0.15063.0\um\x64\WindowsApp.lib'."
"Message",Normal,"          P/Invoke 'ReadFile' resolved to 'api-ms-win-core-file-l1-2-1.dll!ReadFile' from 'C:\Program Files (x86)\Windows Kits\10\lib\10.0.15063.0\um\x64\WindowsApp.lib'."
"Message",Normal,"          P/Invoke 'WriteFile' resolved to 'api-ms-win-core-file-l1-2-1.dll!WriteFile' from 'C:\Program Files (x86)\Windows Kits\10\lib\10.0.15063.0\um\x64\WindowsApp.lib'."
"Message",Normal,"          P/Invoke 'WriteFile' resolved to 'api-ms-win-core-file-l1-2-1.dll!WriteFile' from 'C:\Program Files (x86)\Windows Kits\10\lib\10.0.15063.0\um\x64\WindowsApp.lib'."
"Message",Normal,"          P/Invoke 'CancelIoEx' resolved to 'api-ms-win-core-io-l1-1-1.dll!CancelIoEx' from 'C:\Program Files (x86)\Windows Kits\10\lib\10.0.15063.0\um\x64\WindowsApp.lib'."
"Message",Normal,"          P/Invoke 'StartThreadpoolIo' resolved to 'api-ms-win-core-threadpool-l1-2-0.dll!StartThreadpoolIo' from 'C:\Program Files (x86)\Windows Kits\10\lib\10.0.15063.0\um\x64\WindowsApp.lib'."
"Message",Normal,"          P/Invoke 'CancelThreadpoolIo' resolved to 'api-ms-win-core-threadpool-l1-2-0.dll!CancelThreadpoolIo' from 'C:\Program Files (x86)\Windows Kits\10\lib\10.0.15063.0\um\x64\WindowsApp.lib'."
"Message",Normal,"          P/Invoke 'FormatMessageW' resolved to 'api-ms-win-core-localization-l1-2-1.dll!FormatMessageW' from 'C:\Program Files (x86)\Windows Kits\10\lib\10.0.15063.0\um\x64\WindowsApp.lib'."
"Message",Normal,"          P/Invoke 'FlushFileBuffers' resolved to 'api-ms-win-core-file-l1-2-1.dll!FlushFileBuffers' from 'C:\Program Files (x86)\Windows Kits\10\lib\10.0.15063.0\um\x64\WindowsApp.lib'."
"Message",Normal,"          P/Invoke 'RoGetBufferMarshaler' resolved to 'api-ms-win-core-winrt-robuffer-l1-1-0.dll!RoGetBufferMarshaler' from 'C:\Program Files (x86)\Windows Kits\10\lib\10.0.15063.0\um\x64\WindowsApp.lib'."
"Message",Normal,"          P/Invoke 'FormatMessageW' resolved to 'api-ms-win-core-localization-l1-2-1.dll!FormatMessageW' from 'C:\Program Files (x86)\Windows Kits\10\lib\10.0.15063.0\um\x64\WindowsApp.lib'."
"Message",High,"  Generating code..."
"Message",High,"  Interop code generated."
"Message",Normal,"  Written code to AssemblyInfo.g.cs"
"Message",Normal,"  Written code to Adapters.g.cs"
"Message",Normal,"  Written code to Data.g.cs"
"Message",Normal,"  Written code to Helpers.g.cs"
"Message",Normal,"  Written code to ImplTypes.g.cs"
"Message",Normal,"  Written code to PInvoke.g.cs"
"Message",Normal,"  Written code to SafeTypes.g.cs"
"Message",Normal,"  Written code to SharedStubs.g.cs"
"Message",Normal,"Running 'GenerateCodeAndCompile' transform, heap at 259 MB."
"Message",High,"Generating serialization code"
"Message",High,"Compiling interop code"
"Message",Normal,"Compiling generated source code: C:\Users\Joey\.nuget\packages\microsoft.net.native.compiler\1.7.0\tools\x64\ilc\csc\csc.exe /noconfig @""C:\Users\Joey\Documents\GitHub\MagicApplication\MagicApp\obj\x64\Debug\ilc\intermediate\App1.McgInterop.rsp"""
"Message",High,"Generating System.Reflection.DispatchProxy proxy code."
"Message",Normal,"Running 'DumpNativeResources' transform, heap at 259 MB."
"Message",Normal,"Running 'ReducedCopyInitialize' transform, heap at 259 MB."
"Message",Normal,"Running 'ReducedCopyEmptyTypes' transform, heap at 179 MB."
"Message",Normal,"Running 'ReducedCopyPopulateTypes' transform, heap at 182 MB."
"Message",Normal,"Running 'ReducedCopyLateMetadata' transform, heap at 203 MB."
"Message",Normal,"Running 'ReducedCopyMethodBodies' transform, heap at 217 MB."
"Message",Normal,"Running 'ReducedCopyComplete' transform, heap at 260 MB."
"Message",Normal,"Running 'ReducedCopyCleanup' transform, heap at 283 MB."
"Message",Normal,"Running 'ComImportDetector' transform, heap at 66 MB."
"Message",Normal,"Running 'McgAccessor' transform, heap at 66 MB."
"Message",Normal,"Running 'McgRedirect' transform, heap at 67 MB."
"Message",Normal,"Running 'McgRedirect' transform, heap at 71 MB."
"Message",Normal,"Running 'McgTypeOf' transform, heap at 72 MB."
"Message",Normal,"Running 'EventSource' transform, heap at 78 MB."
"Message",Normal,"Running 'ValueType' transform, heap at 78 MB."
"Message",Normal,"Running 'Attribute' transform, heap at 78 MB."
"Message",Normal,"Running 'GetType' transform, heap at 78 MB."
"Message",Normal,"Running 'McgFixups' transform, heap at 79 MB."
"Message",Normal,"Running 'ResourceManagerCtor' transform, heap at 80 MB."
"Message",Normal,"Running 'ResourceExtractor' transform, heap at 80 MB."
"Message",Normal,"Running 'TypeofTypeHandle' transform, heap at 91 MB."
"Message",Normal,"Running 'DispatchProxyIntrinsics' transform, heap at 94 MB."
"Message",Normal,"Running 'StaticInitData' transform, heap at 94 MB."
"Message",Normal,"Running 'StartupCodeInjector' transform, heap at 107 MB."
"Message",Normal,"Running 'InjectAppContextSwitches' transform, heap at 107 MB."
"Message",Normal,"Running 'ImplementLibraryDynamicInvokeHelpers' transform, heap at 107 MB."
"Message",Normal,"Running 'Delegate' transform, heap at 107 MB."
"Message",Normal,"Running 'DelegateCtorCall' transform, heap at 113 MB."
"Message",Normal,"Running 'LazyGenerics' transform, heap at 115 MB."
"Message",Normal,"Running 'AddReflectionBlockedAttributes' transform, heap at 136 MB."
"Message",Normal,"Running 'DisableOptimization' transform, heap at 136 MB."
"Message",Normal,"Running 'CreateMetadata' transform, heap at 136 MB."
"Message",Normal,"Running 'SaveRVAStatics' transform, heap at 174 MB."
"Message",Normal,"Running 'ReflectionInvoke' transform, heap at 175 MB."
"Message",Normal,"Running 'ScrubOpenCalls' transform, heap at 177 MB."
"Message",Normal,"Running 'ConvertCatchIntoFilter' transform, heap at 177 MB."
"Message",Normal,"Running 'ReflectionMappingInfoEmit' transform, heap at 178 MB."
"Message",Normal,"Running 'ConvertManagedWinMD' transform, heap at 181 MB."
"Message",Normal,"Running 'Reducer' transform, heap at 181 MB."
"Message",High,"Cleaning up unreferenced code"
"Message",Normal,"Running 'WriteAssemblies' transform, heap at 220 MB."
"Message",Normal,""
"Message",Normal,"Transform summary"
"Message",Normal,"    ms | heap delta | name"
"Message",Normal," 14309 |         76 | Analysis"
"Message",Normal,"  7985 |          0 | GenerateCodeAndCompile"
"Message",Normal,"  3637 |        -72 | WriteAssemblies"
"Message",Normal,"  2912 |         39 | Reducer"
"Message",Normal,"   944 |         38 | CreateMetadata"
"Message",Normal,"   767 |         68 | Mcg"
"Message",Normal,"   510 |        -80 | ReducedCopyInitialize"
"Message",Normal,"   400 |         23 | ReducedCopyComplete"
"Message",Normal,"   372 |         11 | ResourceExtractor"
"Message",Normal,"   366 |         43 | ReducedCopyMethodBodies"
"Message",Normal,"   316 |         21 | LazyGenerics"
"Message",Normal,"   293 |         21 | ReducedCopyPopulateTypes"
"Message",Normal,"   246 |          4 | McgRedirect"
"Message",Normal,"   188 |       -217 | ReducedCopyCleanup"
"Message",Normal,"   150 |         14 | ReducedCopyLateMetadata"
"Message",Normal,"   142 |          6 | McgTypeOf"
"Message",Normal,"   125 |         13 | StaticInitData"
"Message",Normal,"    93 |          1 | McgRedirect"
"Message",Normal,"    67 |          3 | TypeofTypeHandle"
"Message",Normal,"    43 |          2 | DelegateCtorCall"
"Message",Normal,"    36 |          6 | Delegate"
"Message",Normal,"    28 |          1 | SaveRVAStatics"
"Message",Normal,"    23 |          3 | ReducedCopyEmptyTypes"
"Message",Normal,"    17 |          1 | GetType"
"Message",Normal,"    14 |          1 | McgAccessor"
"Message",Normal,"    14 |          3 | ReflectionMappingInfoEmit"
"Message",Normal,"    13 |          0 | ScrubOpenCalls"
"Message",Normal,"    12 |          0 | DispatchProxyIntrinsics"
"Message",Normal,"    11 |          2 | ReflectionInvoke"
"Message",Normal,"    10 |          1 | McgFixups"
"Message",Normal,"     7 |          1 | ConvertCatchIntoFilter"
"Message",Normal,"     5 |          0 | StartupCodeInjector"
"Message",Normal,"     5 |          0 | DumpNativeResources"
"Message",Normal,"     3 |          0 | Attribute"
"Message",Normal,"     3 |          0 | EventSource"
"Message",Normal,"     2 |          0 | AddReflectionBlockedAttributes"
"Message",Normal,"     1 |          0 | ValueType"
"Message",Normal,"     1 |          0 | ResourceManagerCtor"
"Message",Normal,"     0 |          0 | ComImportDetector"
"Message",Normal,"     0 |          0 | ImplementLibraryDynamicInvokeHelpers"
"Message",Normal,"     0 |          0 | ConvertManagedWinMD"
"Message",Normal,"     0 |          0 | InjectAppContextSwitches"
"Message",Normal,"     0 |          0 | DisableOptimization"
"Message",Low,"Done executing task ""RunILTransforms""."
"Message",Low,"Done building target ""RunILTransforms"" in file ""ILTransforms""."
"Message",Low,"Done building project ""ILTransforms""."
"Message",Low,""
"Message",Low,""
"Message",Low,"Done building target ""GenerateMDIL"" in file ""Nutc""."
"Message",Low,""
"Message",High,"Generating native code"
"Message",Low,"Done building target ""MDILPrepareMultiFile"" in file ""Nutc""."
"Message",Low,""
"Message",Low,"Done building target ""SetBinaryForReferences"" in file ""Nutc""."
"Message",Low,""
"Message",Low,"Task ""GenerateMDILGlobalAnalysis"""
"Message",Normal,"Launching 'C:\Users\Joey\.nuget\packages\microsoft.net.native.compiler\1.7.0\tools\x64\ilc\Tools\nutc_driver.exe @""C:\Users\Joey\Documents\GitHub\MagicApplication\MagicApp\obj\x64\Debug\ilc\intermediate\MDIL\App1.rsp""'"
"Message",Low,"Microsoft (R) MDIL Compiler - Version 1.7.25531.01"
"Message",Low,"Copyright (c) Microsoft Corporation.  All rights reserved."
"Message",Low,"Scanning input types"
"Message",Low,"Eager code generation"
"Message",Low,"Deferred code generation"
"Message",Low,"Compiling 10163 methods."
"Message",Low,"Compiling 3699 methods."
"Message",Low,"Compiling 2183 methods."
"Message",Low,"Compiling 1281 methods."
"Message",Low,"Compiling 2411 methods."
"Message",Low,"Compiling 1562 methods."
"Message",Low,"Compiling 1089 methods."
"Message",Low,"Compiling 1017 methods."
"Message",Low,"Compiling 1313 methods."
"Message",Low,"Compiling 1235 methods."
"Message",Low,"Compiling 908 methods."
"Message",Low,"Compiling 622 methods."
"Message",Low,"Compiling 460 methods."
"Message",Low,"Compiling 238 methods."
"Message",Low,"Compiling 106 methods."
"Message",Low,"Compiling 57 methods."
"Message",Low,"Compiling 64 methods."
"Message",Low,"Compiling 35 methods."
"Message",Low,"Compiling 24 methods."
"Message",Low,"Compiling 16 methods."
"Message",Low,"Compiling 1 methods."
"Message",Low,"Compiling 1 methods."
"Message",Low,"Successfully generated 'C:\Users\Joey\Documents\GitHub\MagicApplication\MagicApp\obj\x64\Debug\ilc\intermediate\MDIL\App1.mdilexe'"
"Message",Low,"Successfully generated 'C:\Users\Joey\Documents\GitHub\MagicApplication\MagicApp\obj\x64\Debug\ilc\intermediate\MDIL\App1.mdilpdb'"
"Message",Normal,"'C:\Users\Joey\.nuget\packages\microsoft.net.native.compiler\1.7.0\tools\x64\ilc\Tools\nutc_driver.exe @""C:\Users\Joey\Documents\GitHub\MagicApplication\MagicApp\obj\x64\Debug\ilc\intermediate\MDIL\App1.rsp""' completed."
"Message",Normal,"Process execution statistics (all times in milliseconds)"
"Message",Normal,"-----------------------------------------------------------------------------"
"Message",Normal,"launch  |  start   |   stop   |   end    | duration | lifetime | [slot] name"
"Message",Normal,"-----------------------------------------------------------------------------"
"Message",Normal,"       0 |        0 |    15281 |    15281 |    15281 |    15281 | [0] Nutc GlobalAnalysis"
"Message",Normal,"Number of commands:      1"
"Message",Normal,"Total system time:       15281 ms"
"Message",Normal,"System time per command: 15281 ms"
"Message",Normal,"Total duration:          15281 ms"
"Message",Normal,"Total lifetime:          15281 ms"
"Message",Normal,"Requested DOP:           4"
"Message",Normal,"Duration DOP:            1.0"
"Message",Normal,"Lifetime DOP:            1.0"
"Message",Low,"Done executing task ""GenerateMDILGlobalAnalysis""."
"Message",Low,"Done building target ""GenerateMDILGlobalAnalysis"" in file ""Nutc""."
"Message",Low,""
"Message",Low,"Task ""rc"""
"Message",Normal,"Launching 'C:\Program Files (x86)\Windows Kits\10\bin\10.0.15063.0\x64\rc.exe /c ""65001"" /r /fo ""C:\Users\Joey\Documents\GitHub\MagicApplication\MagicApp\obj\x64\Debug\ilc\intermediate\BuildInfo\BuildInfo.res"" ""C:\Users\Joey\Documents\GitHub\MagicApplication\MagicApp\obj\x64\Debug\ilc\intermediate\BuildInfo\BuildInfo.rc""'"
"Message",Low,"Microsoft (R) Windows (R) Resource Compiler Version 10.0.10011.16384"
"Message",Low,"Copyright (C) Microsoft Corporation.  All rights reserved."
"Message",Normal,"'C:\Program Files (x86)\Windows Kits\10\bin\10.0.15063.0\x64\rc.exe /c ""65001"" /r /fo ""C:\Users\Joey\Documents\GitHub\MagicApplication\MagicApp\obj\x64\Debug\ilc\intermediate\BuildInfo\BuildInfo.res"" ""C:\Users\Joey\Documents\GitHub\MagicApplication\MagicApp\obj\x64\Debug\ilc\intermediate\BuildInfo\BuildInfo.rc""' completed."
"Message",Normal,"Process execution statistics (all times in milliseconds)"
"Message",Normal,"-----------------------------------------------------------------------------"
"Message",Normal,"launch  |  start   |   stop   |   end    | duration | lifetime | [slot] name"
"Message",Normal,"-----------------------------------------------------------------------------"
"Message",Normal,"       0 |        0 |       47 |       47 |       47 |       47 | [0] rc"
"Message",Normal,"Number of commands:      1"
"Message",Normal,"Total system time:       47 ms"
"Message",Normal,"System time per command: 47 ms"
"Message",Normal,"Total duration:          47 ms"
"Message",Normal,"Total lifetime:          47 ms"
"Message",Normal,"Requested DOP:           4"
"Message",Normal,"Duration DOP:            1.0"
"Message",Normal,"Lifetime DOP:            1.0"
"Message",Low,"Done executing task ""rc""."
"Message",Low,"Task ""ResourceBinaryConcatenate"""
"Message",Normal,"Concatenating into 'C:\Users\Joey\Documents\GitHub\MagicApplication\MagicApp\obj\x64\Debug\ilc\intermediate\Native.res' with alignment '4'."
"Message",Normal," Added 'C:\Users\Joey\Documents\GitHub\MagicApplication\MagicApp\obj\x64\Debug\ilc\intermediate\ILTransformed\App1.res' at offset 0."
"Message",Normal," Added 'C:\Users\Joey\Documents\GitHub\MagicApplication\MagicApp\obj\x64\Debug\ilc\intermediate\BuildInfo\BuildInfo.res' at offset 1352."
"Message",Low,"Done executing task ""ResourceBinaryConcatenate""."
"Message",Low,"Done building target ""GenerateBuildInfo"" in file ""Nutc""."
"Message",Low,"Done building project ""Nutc""."
"Message",Low,""
"Message",Low,""
"Message",Low,"Done building target ""MDILBindPrepare"" in file ""Binder""."
"Message",Low,""
"Message",High,"Generating fixups for native code"
"Message",Low,"Task ""MDILBind"""
"Message",Normal,"Launching 'C:\Users\Joey\.nuget\packages\microsoft.net.native.compiler\1.7.0\tools\x64\ilc\Tools\rhbind.exe @""C:\Users\Joey\Documents\GitHub\MagicApplication\MagicApp\obj\x64\Debug\ilc\intermediate\rhbindargs.App1.rsp""'"
"Message",Low,"OS VERSION: major: 6  minor: 2"
"Message",Low,"MDIL: C:\Users\Joey\Documents\GitHub\MagicApplication\MagicApp\obj\x64\Debug\ilc\intermediate\MDIL\App1.mdilexe"
"Message",Low,"MDILPDB: C:\Users\Joey\Documents\GitHub\MagicApplication\MagicApp\obj\x64\Debug\ilc\intermediate\MDIL\App1.mdilpdb"
"Message",Low,"IL: C:\Users\Joey\Documents\GitHub\MagicApplication\MagicApp\obj\x64\Debug\ilc\intermediate\MDIL\App1.ilexe"
"Message",Low,"NI: C:\Users\Joey\Documents\GitHub\MagicApplication\MagicApp\obj\x64\Debug\ilc\intermediate\Native\App1.dll"
"Message",Low,"SHIM: C:\Users\Joey\Documents\GitHub\MagicApplication\MagicApp\obj\x64\Debug\ilc\intermediate\Native\App1.exe"
"Message",Low,"REDHAWK_RUNTIME_DLL_NAME_A=mrt100_app.dll"
"Message",Low,"pdb: C:\Users\Joey\Documents\GitHub\MagicApplication\MagicApp\obj\x64\Debug\ilc\intermediate\Native\App1.pdb"
"Message",Low,"Produced C:\Users\Joey\Documents\GitHub\MagicApplication\MagicApp\obj\x64\Debug\ilc\intermediate\Native\App1.dll in 2.777 seconds"
"Message",Normal,"'C:\Users\Joey\.nuget\packages\microsoft.net.native.compiler\1.7.0\tools\x64\ilc\Tools\rhbind.exe @""C:\Users\Joey\Documents\GitHub\MagicApplication\MagicApp\obj\x64\Debug\ilc\intermediate\rhbindargs.App1.rsp""' completed."
"Message",Normal,"Process execution statistics (all times in milliseconds)"
"Message",Normal,"-----------------------------------------------------------------------------"
"Message",Normal,"launch  |  start   |   stop   |   end    | duration | lifetime | [slot] name"
"Message",Normal,"-----------------------------------------------------------------------------"
"Message",Normal,"       0 |       15 |     2828 |     2828 |     2813 |     2828 | [0] rhbind App1"
"Message",Normal,"Number of commands:      1"
"Message",Normal,"Total system time:       2828 ms"
"Message",Normal,"System time per command: 2828 ms"
"Message",Normal,"Total duration:          2813 ms"
"Message",Normal,"Total lifetime:          2828 ms"
"Message",Normal,"Requested DOP:           4"
"Message",Normal,"Duration DOP:            1.0"
"Message",Normal,"Lifetime DOP:            1.0"
"Message",Low,"Done executing task ""MDILBind""."
"Message",Low,"Done building target ""MDILBind"" in file ""Binder""."
"Message",Low,"Done building project ""Binder""."
"Message",Low,""
"Message",Low,""
"Message",Low,"Done building target ""CopyNativeExecutablesToOutput"" in file ""Deployment""."
"Message",Low,""
"Message",Low,"Task ""TransformAppxManifest"""
"Message",Low,"Done executing task ""TransformAppxManifest""."
"Message",Low,"Done building target ""TransformAppxManifestAndAddCrt"" in file ""Deployment""."
"Message",Low,""
"Message",Low,"Task ""MakePri"""
"Message",Normal,"Launching 'C:\Program Files (x86)\Windows Kits\10\bin\10.0.15063.0\x64\MakePri.exe dump /if ""C:\Users\Joey\Documents\GitHub\MagicApplication\MagicApp\obj\x64\Debug\ilc\in\resources.pri"" /of ""C:\Users\Joey\Documents\GitHub\MagicApplication\MagicApp\obj\x64\Debug\ilc\intermediate\OriginalPriDumpFile.xml"" /dt Detailed /o'"
"Message",Low,"O u t p u t   F i l e   a t   C : \ U s e r s \ J o e y \ D o c u m e n t s \ G i t H u b \ M a g i c A p p l i c a t i o n \ M a g i c A p p \ o b j \ x 6 4 \ D e b u g \ i l c \ i n t e r m e d i a t e \ O r i g i n a l P r i D u m p F i l e . x m l "
"Message",Low," "
"Message",Low," S u c c e s s f u l l y   C o m p l e t e d "
"Message",Low," "
"Message",Low," "
"Message",Normal,"'C:\Program Files (x86)\Windows Kits\10\bin\10.0.15063.0\x64\MakePri.exe dump /if ""C:\Users\Joey\Documents\GitHub\MagicApplication\MagicApp\obj\x64\Debug\ilc\in\resources.pri"" /of ""C:\Users\Joey\Documents\GitHub\MagicApplication\MagicApp\obj\x64\Debug\ilc\intermediate\OriginalPriDumpFile.xml"" /dt Detailed /o' completed."
"Message",Normal,"Process execution statistics (all times in milliseconds)"
"Message",Normal,"-----------------------------------------------------------------------------"
"Message",Normal,"launch  |  start   |   stop   |   end    | duration | lifetime | [slot] name"
"Message",Normal,"-----------------------------------------------------------------------------"
"Message",Normal,"       0 |       16 |      532 |      532 |      516 |      532 | [0] MakePri"
"Message",Normal,"Number of commands:      1"
"Message",Normal,"Total system time:       532 ms"
"Message",Normal,"System time per command: 532 ms"
"Message",Normal,"Total duration:          516 ms"
"Message",Normal,"Total lifetime:          532 ms"
"Message",Normal,"Requested DOP:           4"
"Message",Normal,"Duration DOP:            1.0"
"Message",Normal,"Lifetime DOP:            1.0"
"Message",Low,"Done executing task ""MakePri""."
"Message",Low,"Task ""GetPriTargetVersionAndLanguage"""
"Message",Low,"Done executing task ""GetPriTargetVersionAndLanguage""."
"Message",Low,"Task ""MakePri"""
"Message",Normal,"Launching 'C:\Program Files (x86)\Windows Kits\10\bin\10.0.15063.0\x64\MakePri.exe createconfig /o /cf ""C:\Users\Joey\Documents\GitHub\MagicApplication\MagicApp\obj\x64\Debug\ilc\intermediate\GeneratedPriConif.xml"" /pv ""10.0.0"" /dq ""en""'"
"Message",Low,"W r i t i n g   P R I   c o n f i g   f i l e   t o   C : \ U s e r s \ J o e y \ D o c u m e n t s \ G i t H u b \ M a g i c A p p l i c a t i o n \ M a g i c A p p \ o b j \ x 6 4 \ D e b u g \ i l c \ i n t e r m e d i a t e \ G e n e r a t e d P r i C o n i f . x m l   . . . "
"Message",Low," "
"Message",Low," S u c c e s s f u l l y   C o m p l e t e d "
"Message",Low," "
"Message",Low," "
"Message",Normal,"'C:\Program Files (x86)\Windows Kits\10\bin\10.0.15063.0\x64\MakePri.exe createconfig /o /cf ""C:\Users\Joey\Documents\GitHub\MagicApplication\MagicApp\obj\x64\Debug\ilc\intermediate\GeneratedPriConif.xml"" /pv ""10.0.0"" /dq ""en""' completed."
"Message",Normal,"Process execution statistics (all times in milliseconds)"
"Message",Normal,"-----------------------------------------------------------------------------"
"Message",Normal,"launch  |  start   |   stop   |   end    | duration | lifetime | [slot] name"
"Message",Normal,"-----------------------------------------------------------------------------"
"Message",Normal,"       0 |        0 |       62 |       62 |       62 |       62 | [0] MakePri"
"Message",Normal,"Number of commands:      1"
"Message",Normal,"Total system time:       62 ms"
"Message",Normal,"System time per command: 62 ms"
"Message",Normal,"Total duration:          62 ms"
"Message",Normal,"Total lifetime:          62 ms"
"Message",Normal,"Requested DOP:           4"
"Message",Normal,"Duration DOP:            1.0"
"Message",Normal,"Lifetime DOP:            1.0"
"Message",Low,"Done executing task ""MakePri""."
"Message",Low,"Task ""ModifyPriConfigFile"""
"Message",Low,"Done executing task ""ModifyPriConfigFile""."
"Message",Low,"Task ""MakePri"""
"Message",Normal,"Launching 'C:\Program Files (x86)\Windows Kits\10\bin\10.0.15063.0\x64\MakePri.exe versioned /pr ""C:\Users\Joey\Documents\GitHub\MagicApplication\MagicApp\obj\x64\Debug\ilc\intermediate"" /cf ""C:\Users\Joey\Documents\GitHub\MagicApplication\MagicApp\obj\x64\Debug\ilc\intermediate\PriConfig.xml"" /of ""C:\Users\Joey\Documents\GitHub\MagicApplication\MagicApp\obj\x64\Debug\ilc\intermediate\resources.pri"" /o /if ""C:\Users\Joey\Documents\GitHub\MagicApplication\MagicApp\obj\x64\Debug\ilc\in\resources.pri""'"
"Message",Low,"I n d e x   P a s s   C o m p l e t e d :   C : \ U s e r s \ J o e y \ D o c u m e n t s \ G i t H u b \ M a g i c A p p l i c a t i o n \ M a g i c A p p \ o b j \ x 6 4 \ D e b u g \ i l c \ i n t e r m e d i a t e \ f i l e l i s t . r e s f i l e s "
"Message",Low," "
"Message",Low," A l t e r n a t e F o r m   Q u a l i f i e r s :   U N P L A T E D "
"Message",Low," "
"Message",Low," S c a l e   Q u a l i f i e r s :   2 0 0 "
"Message",Low," "
"Message",Low," T a r g e t S i z e   Q u a l i f i e r s :   2 4 "
"Message",Low," "
"Message",Low," "
"Message",Low," "
"Message",Low," I n d e x   P a s s   C o m p l e t e d :   C : \ U s e r s \ J o e y \ D o c u m e n t s \ G i t H u b \ M a g i c A p p l i c a t i o n \ M a g i c A p p \ o b j \ x 6 4 \ D e b u g \ i l c \ i n t e r m e d i a t e \ R e s W f i l e l i s t . r e s f i l e s "
"Message",Low," "
"Message",Low," "
"Message",Low," "
"Message",Low," F i n i s h e d   b u i l d i n g "
"Message",Low," "
"Message",Low," V e r s i o n :   1 . 1 "
"Message",Low," "
"Message",Low," R e s o u r c e   M a p   N a m e :   2 3 c 0 0 7 5 b - 5 2 f 6 - 4 8 f 9 - 9 a 6 6 - a 8 d 2 3 3 9 8 f a e 5 "
"Message",Low," "
"Message",Low," N a m e d   R e s o u r c e s :   6 5 4 1 "
"Message",Low," "
"Message",Low," R e s o u r c e   C a n d i d a t e s :   6 5 4 2 "
"Message",Low," "
"Message",Low," S u c c e s s f u l l y   C o m p l e t e d "
"Message",Low," "
"Message",Low," "
"Message",Normal,"'C:\Program Files (x86)\Windows Kits\10\bin\10.0.15063.0\x64\MakePri.exe versioned /pr ""C:\Users\Joey\Documents\GitHub\MagicApplication\MagicApp\obj\x64\Debug\ilc\intermediate"" /cf ""C:\Users\Joey\Documents\GitHub\MagicApplication\MagicApp\obj\x64\Debug\ilc\intermediate\PriConfig.xml"" /of ""C:\Users\Joey\Documents\GitHub\MagicApplication\MagicApp\obj\x64\Debug\ilc\intermediate\resources.pri"" /o /if ""C:\Users\Joey\Documents\GitHub\MagicApplication\MagicApp\obj\x64\Debug\ilc\in\resources.pri""' completed."
"Message",Normal,"Process execution statistics (all times in milliseconds)"
"Message",Normal,"-----------------------------------------------------------------------------"
"Message",Normal,"launch  |  start   |   stop   |   end    | duration | lifetime | [slot] name"
"Message",Normal,"-----------------------------------------------------------------------------"
"Message",Normal,"       0 |       16 |      672 |      672 |      656 |      672 | [0] MakePri"
"Message",Normal,"Number of commands:      1"
"Message",Normal,"Total system time:       672 ms"
"Message",Normal,"System time per command: 672 ms"
"Message",Normal,"Total duration:          656 ms"
"Message",Normal,"Total lifetime:          672 ms"
"Message",Normal,"Requested DOP:           4"
"Message",Normal,"Duration DOP:            1.0"
"Message",Normal,"Lifetime DOP:            1.0"
"Message",Low,"Done executing task ""MakePri""."
"Message",Low,"Done building target ""MergeFrameworkReswFilesWithTheAppPriFile"" in file ""Deployment""."
"Message",Low,"Done building project ""Deployment""."
"Message",Low,"Compilation finished"
